method,target,accuracy_mean,accuracy_std,accuracy_count,balanced_accuracy_mean,balanced_accuracy_std,balanced_accuracy_count,macro_f1_mean,macro_f1_std,macro_f1_count,top3_accuracy_mean,top3_accuracy_std,top3_accuracy_count,adjusted_rand_mean,adjusted_rand_std,adjusted_rand_count,normalized_mutual_info_mean,normalized_mutual_info_std,normalized_mutual_info_count
train_only_kmeans_assignment,global_word_cluster_similarity,,,0,,,0,,,0,,,0,0.7910901956800734,0.03195329209830668,11,0.7492791290741743,0.02271824638154404,11
train_only_kmeans_assignment,global_word_stability,0.8357182885591047,0.03289544248343014,11,0.627204886588764,0.05498645942281467,11,0.5862403306581527,0.04436388794304358,11,,,0,,,0,,,0
logistic_l2,global_word_via_train_vocab,0.8291148850863006,0.0408147463594464,11,0.6390838008610653,0.04632731230901865,11,0.5846341756015989,0.03844483391037952,11,0.9233115625690137,0.030217275550895147,11,,,0,,,0
xgboost_hist,global_word_via_train_vocab,0.833704731187855,0.03267918198608124,11,0.6265540207316245,0.05027749562563994,11,0.5848961836986316,0.042134243320012046,11,0.8863325689362557,0.030140946950477688,11,,,0,,,0
hist_gradient_boosting,global_word_via_train_vocab,0.8230961743331374,0.03426153425683727,11,0.6093511966233967,0.07553432204125393,11,0.5672334705817907,0.07028740855862735,11,0.8798191495842661,0.029777492976530928,11,,,0,,,0
xgboost_hist,train_vocab_cluster,0.9566021012378418,0.016509328545508718,11,0.954918871659033,0.018068859532188276,11,0.9551051058936486,0.015778711182868537,11,0.9997606156849119,0.00038949723888889753,11,,,0,,,0
hist_gradient_boosting,train_vocab_cluster,0.9550047821174601,0.045430971887397455,11,0.9363507853082763,0.07795406313410622,11,0.9289570995467255,0.09744753013236199,11,0.9961867164899846,0.00990558853497264,11,,,0,,,0
logistic_l2,train_vocab_cluster,0.8883175220430072,0.03210134191185104,11,0.9307735269657583,0.020391243217656747,11,0.8910718590163992,0.018505093165603288,11,0.997395551693937,0.0016779758063345063,11,,,0,,,0
