window_size_s,transition_js_divergence
1.0,0.07741115788251444
2.0,0.09031837896924093
5.0,0.10812862863600131
